"No.","Quantity","Comment","Designator","Footprint","Value","Manufacturer Part","Manufacturer","Supplier Part","Supplier","Category","Primary Category","Pin Count","JLCPCB Price","3D Model Title","Add into BOM","LCSC Price","Symbol","Type","LCSC Stock","LCSC Part Name","Name"
"1","8","100nF","C1,C2,C5,C11,C12,C14,C15,C16","C0402","100nF","CL05B104KO5NNNC","SAMSUNG(三星)","C1525","LCSC","Capacitors:Multilayer Ceramic Capacitors MLCC - SMD/SMT","Capacitors","2","0.0007","C0402_L1.0-W0.5-H0.5","yes","","CL05B104KO5NNNC","","","100nF ±10% 16V","100nF"
"2","2","22uF","C3,C4","C0805","22uF","CL21A226MAYNNNE","SAMSUNG(三星)","C602037","LCSC","Capacitors:Multilayer Ceramic Capacitors MLCC - SMD/SMT","Capacitors","2","0.0235","C0805_L2.0-W1.3-H1.3","yes","","CL21A226MAYNNNE","","","22uF ±20% 25V","22uF"
"3","1","4.7uF","C7","C0402","4.7uF","CL05A475KP5NRNC","SAMSUNG(三星)","C368809","LCSC","Capacitors:Multilayer Ceramic Capacitors MLCC - SMD/SMT","Capacitors","2","0.0026","C0402_L1.0-W0.5-H0.5","yes","","CL05A475KP5NRNC","","","4.7uF ±10% 10V","4.7uF"
"4","2","10uF","C10,C13","C0402","10uF","CL05A106MP5NUNC","SAMSUNG(三星)","C315248","LCSC","Capacitors:Multilayer Ceramic Capacitors MLCC - SMD/SMT","Capacitors","2","0.0045","C0402_L1.0-W0.5-H0.5","yes","","CL05A106MP5NUNC_C315248","","","10uF ±20% 10V","10uF"
"5","1","DZ127R-11-02-25","H1","HDR-TH_2P-P1.27-V-M","","DZ127R-11-02-25","DEALON(德艺隆)","C2935942","LCSC","Connectors:Pin Headers","Connectors","2","0.0024","HDR-TH_2P-P1.27-M-LI-1X2P","yes","","DZ127R-11-02-25","","","1x2P 间距:1.27mm 方针 直插","DZ127R-11-02-25"
"6","1","B-2101S03P-A110","H2","HDR-TH_3P-P1.27-V-M-1","","B-2101S03P-A110","Ckmtw(灿科盟)","C124354","LCSC","Connectors:Pin Headers","Connectors","3","0.0065","HDR-TH_3P-P1.27-M-LI-1X3P","yes","","210-1S-1*3Ppin Gold-plated","","","1x3P 间距:1.27mm 方针 直插","B-2101S03P-A110"
"7","2","SS8050-G","Q1,Q4","SOT-23-3_L2.9-W1.5-P1.90-LS2.6-BR","","SS8050-G","Comchip(典琦)","C3199946","LCSC","Transistors/Thyristors:Bipolar (BJT)","Transistors/Thyristors","3","0.0091","SOT-23-3_L2.9-W1.5-P1.90-LS2.6-BR","yes","","SS8050-G_C3199946","","","NPN 电流:1.5A 电压:25V","SS8050-G"
"8","2","2N7002T-7-F","Q2,Q3","SOT-523-3_L1.6-W0.8-P1.00-LS1.6-BR","","2N7002T-7-F","DIODES(美台)","C139445","LCSC","Transistors/Thyristors:MOSFETs","Transistors/Thyristors","3","0.0179","SOT-523-3P_L1.6-W0.8-H0.9-LS1.6-P0.50","yes","","2N7002T-7-F","N-Channel","","1个N沟道 耐压:60V 电流:115mA","2N7002T-7-F"
"9","2","1kΩ","R1,R9","R0805","1kΩ","0805W8F1001T5E","UNI-ROYAL(厚声)","C17513","LCSC","Resistors:Chip Resistor - Surface Mount","Resistors","2","0.0007","R0805_L2.0-W1.3-H0.6","yes","","0805W8F1001T5E","Thick Film Resistors","","1kΩ ±1% 125mW 厚膜电阻","1kΩ"
"10","5","10kΩ","R7,R8,R14,R15,R18","R0402","10kΩ","0402WGF1002TCE","UNI-ROYAL(厚声)","C25744","LCSC","Resistors:Chip Resistor - Surface Mount","Resistors","2","0.0006","R0402_L1.0-W0.5-H0.4","yes","","0402WGF1002TCE","Thick Film Resistor","","10kΩ ±1% 62.5mW 厚膜电阻","10kΩ"
"11","2","10kΩ","R10,R11","R0805","10kΩ","0805W8F1002T5E","UNI-ROYAL(厚声)","C17414","LCSC","Resistors:Chip Resistor - Surface Mount","Resistors","2","0.0005","R0805_L2.0-W1.3-H0.6","yes","","0805W8F1002T5E","Thick Film Resistor","","10kΩ ±1% 125mW 厚膜电阻","10kΩ"
"12","2","0Ω","R12,R13","R0402","0Ω","0402WGF0000TCE","UNI-ROYAL(厚声)","C17168","LCSC","Resistors:Chip Resistor - Surface Mount","Resistors","2","0.0004","R0402_L1.0-W0.5-H0.4","yes","","0402WGF0000TCE","Thick Film Resistor","","0Ω ±1% 62.5mW 厚膜电阻","0Ω"
"13","3","22.1kΩ","R16,R19,R20","R0402","22.1kΩ","0402WGF2212TCE","UNI-ROYAL(厚声)","C43473","LCSC","RESISTOR:SMD (UNI-ROYAL)","RESISTOR","2","0.0003","R0402_L1.0-W0.5-H0.4","yes","","RESISTOR","Thick Film Resistors","","22.1kΩ ±1% 62.5mW 厚膜电阻","22.1kΩ"
"14","1","47.5kΩ","R17","R0603","47.5kΩ","RMC060347.5K1%N","Tyohm(幸亚电阻)","C325696","LCSC","Resistors:Chip Resistor - Surface Mount","Resistors","2","0.0005","R0603","yes","","RMC060347.5K1%N","Thick Film Resistor","","厚膜电阻 47.5kΩ ±1% 100mW","47.5kΩ"
"15","2","TS-1090S-AR01826","SW1,SW2","SW-SMD_4P-L3.5-W3.0-P1.50-LS4.7","","TS-1090S-AR01826","XUNPU(讯普)","C920224","LCSC","Switches:Tactile Switches","Switches","4","0.0103","SW-SMD_4P-L3.5-W3.0-H2-P1.50-LS4.7","yes","","TS-1090S-AR01826","","","3.5*3*1.8mm 立贴 轻触开关","TS-1090S-AR01826"
"16","1","2.4GHz","U1","WIFI-SMD_ESP32-WROOM-32E","2.4GHz","ESP32-WROOM-32E-N4","ESPRESSIF(乐鑫)","C701341","LCSC","IoT/Communication Modules:WiFi Modules","IoT/Communication Modules","39","0.5616","WIFI-SMD_L25.5-W18.0-H3.1-ESP32-WROOM-32E","yes","","ESP32-WROOM-32E(4MB)","","","不带固件 通用型Wi-Fi+BT+BLE MCU模组","2.4GHz"
"17","1","CP2102N-A02-GQFN28","U2","QFN-28_L5.0-W5.0-P0.50-TL-EP3.3","","CP2102N-A02-GQFN28","SKYWORKS/SILICON LABS(芯科)","C1550553","LCSC","Interface:USB Converters","Interface","29","0.2382","QFN-28_L5.0-W5.0-H0.9-P0.50","yes","","CP2102N-A02-GQFN28","","","USB转UART桥接器","CP2102N-A02-GQFN28"
"18","1","AMS1117-3.3","U3","SOT-223-4_L6.5-W3.5-P2.30-LS7.0-BR","","AMS1117-3.3","UMW(友台半导体)","C347222","LCSC","Power Management (PMIC):Voltage Regulators - Linear, Low Drop Out (LDO) Regulators","Power Management (PMIC)","4","0.0073","SOT-223-4P_L6.5-W3.5-H1.6-LS7.0-P2.30","yes","","AMS1117-3.3_C347222","","","3.3V 1A 12V","AMS1117-3.3"
"19","3","LESD5D5.0CT1G","U6,U7,U8","SOD-523_L1.2-W0.8-LS1.6-BI","","LESD5D5.0CT1G","KUU","C7433850","LCSC","Circuit Protection:ESD and Surge Protection (TVS/ESD)","Circuit Protection","2","0.0024","SOD-523_L1.2-W0.8-LS1.6-BI","yes","","LESD5D5.0CT1G_C7433850","ESD","","ESD 5V截止 峰值浪涌电流：5A","LESD5D5.0CT1G"
"20","2","SM0805GC","U9,U10","LED0805-RD","","SM0805GC","BIVAR","C6679547","LCSC","Optoelectronics:LED Indication - Discrete","Optoelectronics","2","0.1201","LED0805-RD","yes","","SM0805GC","","","SM0805GC","SM0805GC"
"21","2","X1311WV-17J-C40D24","U11,U12","HDR-TH_17P-P1.27-V-M","","X1311WV-17J-C40D24","XKB Connection(中国星坤)","C5243697","LCSC","Connectors:Pin Headers","Connectors","17","","HDR-TH_17P-P1.27-V-M","yes","","X1311WV-17J-C40D24","","","1x17P 间距:1.27mm 方针","X1311WV-17J-C40D24"
"22","1","1050170001","USB1","MICRO-USB-SMD_105017-0001","","1050170001","MOLEX","C136000","LCSC","Connectors:USB Connectors","Connectors","10","0.0731","MICRO-USB-SMD_105017-0001","yes","","105017-0001","","","Micro-B 母 卧贴","1050170001"
